1100,18.7,2,-1,-16,-13,2
1103,18.7,2,2,0,0,3
1108,19.8,3,1,1,3,4
1143,20.9,4,1,0,3,6
1177,20.9,2,1,1,2,7
1211,18.7,2,1,1,2,8
1246,20.9,2,0,0,2,9
1280,19.8,2,2,1,1,11
1315,20.9,0,1,0,-1,13
1352,19.8,3,2,0,1,15
1388,19.8,3,1,14,16,16
1425,18.7,2,0,0,2,17
1461,18.7,3,0,-1,2,19
1497,19.8,1,-1,-1,1,21
1534,18.7,3,-14,0,17,23
1573,18.7,2,-1,-1,2,24
1610,19.8,3,0,-1,2,25
1647,19.8,1,-1,-2,0,27
1684,18.7,3,0,1,4,29
1719,19.8,3,-1,0,4,30
1755,19.8,3,-1,0,4,31
1792,19.8,2,-1,0,3,32
1828,18.7,1,0,-1,0,33
1864,19.8,2,1,15,16,34
1902,18.7,3,2,15,16,35
1939,18.7,1,0,0,1,36
1975,18.7,2,1,-1,0,37
2011,19.8,2,0,-1,1,38
2048,19.8,5,1,1,5,39
2082,19.8,2,1,0,1,40
2118,20.9,2,1,0,1,42
2154,18.7,2,15,1,-12,44
2192,18.7,3,-1,0,4,46
2229,19.8,2,1,0,1,48
2264,19.8,2,-1,0,3,50
2300,17.6,4,-1,1,6,51
2337,18.7,1,2,0,-1,52
2373,20.9,2,0,0,2,53
2409,19.8,2,1,1,2,55
2444,19.8,2,3,0,-1,56
2480,18.7,1,15,1,-13,57
2519,18.7,1,15,1,-13,58
2557,19.8,3,1,1,3,60
2592,19.8,3,0,0,3,61
2628,18.7,2,1,15,16,62
2665,19.8,2,0,-2,0,63
2702,18.7,2,0,-1,1,64
2738,18.7,1,0,1,2,65
2774,18.7,3,-15,-1,17,66
2812,19.8,3,1,0,2,67
2848,19.8,1,3,0,-2,68
2885,19.8,3,-16,-1,18,69
2924,18.7,2,-1,0,3,70
2961,19.8,1,1,0,0,71
2996,18.7,2,0,15,17,72
3034,19.8,2,1,0,1,73
3069,18.7,3,1,1,3,74
3104,19.8,2,1,2,3,76
3139,19.8,2,0,1,3,78
3275,18.7,0,0,0,0,79
3278,17.6,3,0,0,3,80
3281,19.8,1,1,0,0,81
3315,18.7,2,1,-1,0,83
3352,18.7,3,0,0,3,85
3387,18.7,2,-1,1,4,86
3423,18.7,2,0,-1,1,87
3460,18.7,1,14,0,-13,88
3497,19.8,2,-1,-1,2,89
3535,19.8,3,1,-2,0,90
3572,18.7,3,-13,-1,15,91
3612,19.8,1,-2,0,3,93
3648,18.7,2,1,0,1,94
3683,18.7,3,1,0,2,95
3719,18.7,2,-1,0,3,96
3755,19.8,3,0,0,3,97
3790,18.7,2,2,1,1,98
3825,18.7,2,2,0,0,100
3862,19.8,5,-1,1,7,102
3899,19.8,1,0,0,1,104
3936,19.8,2,1,0,1,106
3972,18.7,2,1,1,2,108
4008,19.8,1,1,0,0,110
4045,18.7,3,0,-1,2,112
4082,19.8,3,-1,0,4,114
4120,19.8,2,-1,-1,2,116
4158,20.9,2,1,0,1,118
4195,19.8,2,-1,-1,2,120
4233,18.7,3,0,1,4,122
4270,19.8,1,1,0,0,124
4305,18.7,3,1,0,2,126
4343,18.7,3,0,1,4,127
4379,19.8,2,1,15,16,128
4418,18.7,2,-1,0,3,129
4455,18.7,1,15,0,-14,130
4494,19.8,2,0,-1,1,132
4532,20.9,4,-16,0,20,134
4571,20.9,3,1,0,2,136
4608,18.7,1,0,0,1,138
4644,19.8,2,-16,-1,17,140
4684,18.7,3,-2,-16,-11,141
4726,210.1,3,1,3,5,142
4763,18.7,2,-1,1,4,143
4801,18.7,2,-1,0,3,144
4838,19.8,3,0,1,4,145
4875,19.8,3,0,0,3,147
4912,19.8,1,0,-1,0,148
4948,18.7,3,1,0,2,149
4985,20.9,4,-1,0,5,150
5022,18.7,2,0,0,2,151
5059,19.8,2,1,1,2,152
5095,19.8,1,1,0,0,153
5132,19.8,3,-1,0,4,154
5169,18.7,2,1,-2,-1,155
5208,18.7,2,3,1,0,156
5244,18.7,1,1,1,1,157
5280,19.8,3,0,0,3,158
5317,19.8,2,-1,1,4,160
5354,19.8,3,0,-1,2,162
5392,19.8,3,1,-1,1,163
5429,19.8,3,1,1,3,165
5466,20.9,3,1,1,3,167
5501,17.6,3,0,0,3,169
5538,18.7,2,2,0,0,171
5575,19.8,2,0,-1,1,173
5612,18.7,3,1,-16,-14,175
5653,18.7,1,2,1,0,177
5689,19.8,2,0,0,2,179
5726,18.7,3,0,0,3,181
5762,20.9,2,15,0,-13,183
5801,18.7,1,1,0,0,185
5937,18.7,3,0,0,3,186
5941,19.8,2,-2,-15,-11,187
5949,18.7,3,3,-1,-1,188
5988,19.8,3,0,-1,2,189
6025,18.7,2,-1,-2,1,190
6064,18.7,3,0,0,3,191
6099,18.7,1,15,2,-12,192
6139,19.8,2,1,1,2,193
6175,20.9,2,1,0,1,194
6212,18.7,1,1,-1,-1,195
6250,18.7,1,1,-1,-1,196
6290,19.8,3,0,-1,2,198
6327,19.8,2,0,0,2,200
6363,19.8,2,1,1,2,201
6400,19.8,3,0,-1,2,202
6436,18.7,3,2,0,1,203
6473,18.7,2,0,-1,1,204
6510,18.7,2,1,-1,0,205
6548,18.7,2,1,0,1,206
6585,19.8,3,1,-1,1,207
6622,19.8,2,1,-1,0,208
6660,18.7,1,-14,0,15,209
6700,19.8,3,2,0,1,210
6735,18.7,2,1,0,1,211
6771,19.8,0,0,-1,-1,212
6810,19.8,3,0,-3,0,213
6847,18.7,2,0,1,3,214
6884,19.8,3,1,0,2,215
6921,19.8,-2,1,0,-3,216
6959,19.8,5,1,0,4,217
6995,17.6,3,1,0,2,218
7031,19.8,3,15,0,-12,219
7071,19.8,3,1,-1,1,220
7109,18.7,2,0,1,3,221
7145,19.8,3,0,-2,1,222
7183,19.8,2,1,2,3,223
7219,19.8,3,0,0,3,224
7256,19.8,2,1,1,2,225
7291,17.6,2,2,1,1,226
7328,18.7,3,2,0,1,228
7364,19.8,2,3,-1,-2,229
7403,19.8,2,1,15,16,231
7441,19.8,2,1,-16,-15,232
7483,19.8,3,2,1,2,234
7519,19.8,2,0,0,2,235
7555,19.8,4,1,0,3,236
7591,19.8,2,0,2,4,237
7627,18.7,1,0,15,16,238
7666,18.7,3,15,-1,-13,239
7707,19.8,2,0,0,2,241
7744,19.8,3,3,1,1,243
7779,19.8,2,1,0,1,244
7816,18.7,3,0,0,3,245
7853,19.8,2,-15,0,17,246
7891,19.8,3,3,-1,-1,247
7930,19.8,3,0,0,3,249
7967,19.8,1,2,1,0,251
8003,18.7,2,0,1,3,252
8040,19.8,4,-1,-1,4,253
8078,17.6,3,-1,-1,3,254
8117,19.8,3,-1,-1,3,256
8156,18.7,2,0,1,3,257
8192,19.8,4,0,-1,3,259
8229,18.7,2,0,1,3,261
8265,18.7,0,0,1,1,262
8301,18.7,2,0,0,2,263
8338,19.8,2,2,-1,-1,264
8376,19.8,2,2,0,0,265
8413,19.8,3,0,1,4,266
8450,19.8,3,1,1,3,267
8485,19.8,1,2,1,0,268
8522,19.8,2,1,0,1,269
8558,19.8,3,1,0,2,270
8595,19.8,3,0,-1,2,271
8632,18.7,2,1,0,1,272
8669,18.7,1,2,0,-1,273
8706,19.8,3,1,0,2,274
8742,19.8,1,1,0,0,275
8779,19.8,3,15,-1,-13,276
8819,18.7,1,2,1,0,277
8856,18.7,2,2,-1,-1,278
8894,18.7,2,0,1,3,279
8931,19.8,1,-1,0,2,280
8968,17.6,2,0,0,2,281
9005,19.8,4,1,2,5,282
9040,18.7,2,1,1,2,283
9077,19.8,4,1,1,4,284
9114,19.8,2,0,0,2,285
9150,18.7,2,1,2,3,286
9187,18.7,2,-1,-3,0,288
9225,18.7,2,1,-15,-14,289
9266,19.8,2,1,0,1,291
9302,18.7,3,1,0,2,292
9338,19.8,3,1,0,2,293
9374,18.7,1,1,0,0,294
9411,18.7,3,2,0,1,295
9448,19.8,2,1,0,1,297
9484,19.8,1,0,0,1,299
9521,20.9,3,-1,0,4,301
9558,19.8,2,1,-1,0,303
9595,18.7,2,2,0,0,305
9631,19.8,1,2,0,-1,307
9669,19.8,3,1,0,2,309
9706,19.8,3,-1,-16,-12,311
9747,19.8,3,0,0,3,312
9784,17.6,2,-1,-1,2,313
9822,19.8,1,2,15,14,314
9861,20.9,3,1,-1,1,315
9897,19.8,3,0,0,3,316
9934,19.8,3,1,1,3,317
9970,-31.9,1,1,1,1,318
10008,19.8,1,1,15,15,319
10147,19.8,3,1,0,2,321
10149,18.7,3,1,0,2,322
10156,18.7,2,-15,0,17,324
10196,19.8,2,1,0,1,325
10234,19.8,3,1,-16,-14,326
10275,19.8,3,0,1,4,327
10313,19.8,4,1,0,3,328
10350,18.7,4,2,1,3,329
10388,19.8,3,0,14,17,330
10427,19.8,3,0,1,4,331
10465,19.8,2,1,-1,0,332
10504,20.9,1,1,0,0,334
10542,19.8,2,1,0,1,336
10578,20.9,3,1,-2,0,338
10617,19.8,2,2,-1,-1,340
10656,19.8,2,1,0,1,341
10694,20.9,3,0,-1,2,342
10732,19.8,3,2,0,1,344
10770,19.8,1,0,-1,0,346
10808,19.8,1,15,0,-14,348
10849,18.7,2,0,0,2,349
10886,20.9,3,-1,0,4,350
10925,19.8,3,2,-1,0,351
10962,18.7,2,1,1,2,352
11100,19.8,2,1,0,1,353
11102,19.8,2,1,0,1,354
11109,18.7,1,0,0,1,356
11147,18.7,1,1,-1,-1,358
11186,18.7,1,2,0,-1,359
11224,19.8,3,2,1,2,361
11261,18.7,1,-1,1,3,363
11299,19.8,2,2,-16,-16,365
11341,19.8,2,0,15,17,366
11380,19.8,1,0,0,1,367
11418,18.7,3,-1,-1,3,368
11458,19.8,3,1,15,17,369
11497,19.8,3,1,0,2,370
11535,19.8,3,-1,0,4,371
11574,19.8,2,0,0,2,373
11612,17.6,4,1,-1,2,375
11650,19.8,2,1,0,1,377
11687,19.8,0,0,0,0,379
11724,18.7,1,0,-1,0,381
11763,19.8,1,1,0,0,382
11800,19.8,3,-3,0,6,383
11839,19.8,2,0,0,2,384
11876,19.8,3,1,-1,1,386
12014,17.6,3,0,15,18,388
12016,18.7,3,1,0,2,390
12025,19.8,3,1,0,2,391
12062,19.8,3,0,0,3,392
12100,18.7,3,1,-1,1,393
12139,18.7,2,1,-1,0,394
12176,18.7,2,-15,-1,16,395
12218,19.8,3,1,0,2,397
12256,19.8,2,1,-1,0,399
12294,20.9,2,1,-16,-15,400
12336,19.8,2,1,-1,0,401
12375,19.8,3,-16,-1,18,402
12417,18.7,3,1,0,2,404
12453,19.8,3,-1,0,4,406
12492,19.8,3,1,-1,1,407
12530,18.7,2,1,2,3,408
12568,19.8,4,15,0,-11,409
12608,19.8,2,1,0,1,411
12646,19.8,2,1,0,1,413
12783,18.7,2,1,-1,0,414
12786,18.7,3,0,0,3,415
12792,19.8,4,1,0,3,416
12830,19.8,3,0,1,4,417
12867,19.8,2,0,0,2,418
12905,19.8,2,1,0,1,419
12943,19.8,3,1,-1,1,420
12981,19.8,4,0,1,5,421
13019,19.8,1,1,-1,-1,422
13058,19.8,2,1,1,2,423
13095,18.7,3,0,1,4,424
13133,19.8,3,-1,-1,3,425
13173,20.9,1,0,0,1,427
13210,18.7,1,0,0,1,429
13248,19.8,2,0,0,2,431
13285,18.7,2,-1,0,3,433
13324,18.7,1,0,0,1,435
13362,19.8,2,-1,0,3,437
13400,18.7,2,1,0,1,438
13437,18.7,1,2,-15,-16,439
13478,19.8,2,0,0,2,441
13515,18.7,2,1,0,1,443
13553,18.7,0,1,0,-1,445
13591,19.8,2,1,0,1,447
13629,18.7,2,1,0,1,449
13667,19.8,2,0,-1,1,450
13705,19.8,4,2,1,3,451
13743,19.8,1,0,0,1,452
13779,18.7,2,1,0,1,453
13817,18.7,4,14,0,-10,454
13857,18.7,3,0,0,3,455
13895,19.8,2,1,0,1,456
13933,19.8,4,1,0,3,457
13970,20.9,2,0,0,2,458
14008,17.6,1,1,15,15,459
14047,19.8,1,0,0,1,460
14085,19.8,0,1,0,-1,461
14123,18.7,2,0,-1,1,462
14162,20.9,2,1,1,2,464
14199,17.6,3,1,1,3,466
14237,18.7,3,0,0,3,468
14274,19.8,3,1,-1,1,470
14313,17.6,4,1,1,4,471
14450,19.8,1,1,0,0,472
14452,18.7,2,2,1,1,473
14458,18.7,3,-1,0,4,475
14497,17.6,2,1,-1,0,477
14536,17.6,2,1,-1,0,479
14574,19.8,2,0,1,3,481
14611,19.8,2,5,1,-2,482
14650,20.9,3,1,-2,0,483
14689,19.8,3,0,0,3,484
14726,19.8,2,-1,0,3,485
14765,19.8,4,0,0,4,486
14801,19.8,1,-2,0,3,487
14840,18.7,4,0,0,4,488
14877,19.8,4,-1,2,7,489
14916,20.9,0,1,1,0,490
14954,19.8,3,15,0,-12,491
14995,18.7,1,1,0,0,493
15032,19.8,3,0,-1,2,495
15072,18.7,3,2,1,2,497
15108,19.8,2,1,0,1,498
15145,19.8,2,-1,-1,2,499
15184,19.8,1,-2,-1,2,501
15224,18.7,3,2,1,2,503
15261,19.8,2,-1,-2,1,505
15301,19.8,1,0,0,1,506
15340,19.8,2,-3,1,6,508
15377,18.7,2,-1,-15,-12,509
15420,19.8,2,2,0,0,510
15457,19.8,2,-15,-1,16,511
15499,18.7,2,1,0,1,512
15537,18.7,2,1,-1,0,513
15576,18.7,2,0,0,2,514
15612,18.7,2,1,0,1,515
15650,19.8,2,0,1,3,516
15687,18.7,2,0,-1,1,517
15725,18.7,3,1,0,2,519
15763,19.8,1,2,0,-1,521
15801,19.8,1,3,-2,-4,523
15841,19.8,3,0,-2,1,525
15880,19.8,1,0,-1,0,526
15918,19.8,2,2,-1,-1,527
15958,19.8,0,0,0,0,528
15994,18.7,2,0,0,2,529
16032,19.8,1,-1,0,2,530
16070,19.8,2,0,0,2,531
16108,19.8,1,1,1,1,532
16145,18.7,0,0,-15,-15,533
16188,17.6,2,1,-2,-1,535
16227,18.7,2,1,1,2,536
16265,18.7,2,0,0,2,537
16303,19.8,3,-1,-1,3,538
16340,19.8,1,1,0,0,540
16378,17.6,3,0,-16,-13,542
16420,18.7,4,-1,0,5,543
16458,18.7,2,1,2,3,544
16496,18.7,3,0,0,3,545
16533,17.6,2,0,-1,1,546
16572,19.8,3,-1,0,4,547
16610,19.8,1,0,1,2,548
16648,19.8,4,1,0,3,549
16686,20.9,3,-2,0,5,550
16723,18.7,1,15,0,-14,551
16764,18.7,2,0,-1,1,553
16803,18.7,3,2,0,1,555
16841,19.8,3,0,0,3,556
16878,18.7,1,1,0,0,557
16916,19.8,3,0,2,5,558
16953,19.8,2,-1,-1,2,559
16992,19.8,2,2,1,1,561
17030,19.8,1,0,0,1,563
17067,18.7,1,-2,1,4,565
17105,20.9,3,0,-1,2,567
17143,18.7,2,1,1,2,569
17181,17.6,2,0,0,2,571
17219,19.8,3,-1,0,4,573
17257,18.7,3,0,1,4,574
17295,18.7,3,-1,0,4,575
17333,19.8,2,0,-1,1,576
17372,19.8,2,1,1,2,577
17412,20.9,1,1,0,0,579
17446,19.8,2,0,0,2,580
17484,19.8,2,1,0,1,581
17521,19.8,3,0,-1,2,582
17560,19.8,1,1,0,0,583
17597,19.8,3,-1,-1,3,584
17637,18.7,1,1,0,0,585
17774,18.7,4,1,0,3,587
17776,18.7,2,-1,0,3,588
17783,18.7,2,0,-1,1,589
17822,18.7,0,1,15,14,590
17861,18.7,0,1,15,14,591
17901,19.8,2,-4,-15,-9,592
17943,20.9,3,2,-2,-1,594
17983,18.7,2,1,1,2,595
18021,19.8,1,0,-1,0,596
18059,18.7,3,1,-2,0,597
18097,19.8,3,0,0,3,599
18135,19.8,2,2,0,0,601
18171,19.8,2,1,1,2,603
18209,20.9,2,15,0,-13,605
18249,18.7,1,1,0,0,606
18287,19.8,3,1,-16,-14,607
18329,19.8,2,0,1,3,608
18366,18.7,3,0,0,3,609
18404,-29.7,3,0,15,18,610
18444,19.8,2,0,-1,1,611
18483,19.8,1,0,0,1,613
18521,18.7,4,1,1,4,615
18558,19.8,4,1,1,4,617
18595,18.7,3,0,1,4,619
18633,18.7,2,0,1,3,621
18672,19.8,2,-1,1,4,623
18709,18.7,2,0,1,3,624
18746,19.8,4,1,15,18,625
18785,19.8,2,0,0,2,627
18823,19.8,4,2,-16,-14,629
18865,20.9,5,0,1,6,630
18902,18.7,4,0,3,7,631
18939,18.7,5,1,1,5,632
18976,20.9,3,1,2,4,633
19014,18.7,4,-1,2,7,634
19052,17.6,5,-2,4,11,635
19092,19.8,5,0,4,9,636
19130,18.7,6,0,4,10,637
19168,19.8,6,0,7,13,638
19207,20.9,6,-2,6,14,639
19247,18.7,4,15,8,-3,641
19287,210.1,7,-1,11,19,642
19328,19.8,3,15,12,0,644
19366,18.7,2,1,13,14,645
19406,18.7,2,1,16,17,646
19445,19.8,3,0,16,19,647
19485,18.7,0,2,17,15,648
19524,18.7,1,0,17,18,649
19565,19.8,3,1,18,20,651
19604,19.8,2,1,21,22,652
19643,18.7,4,2,23,25,654
19683,18.7,15,1,26,40,656
19724,18.7,3,3,31,31,657
19763,18.7,6,3,35,38,658
19803,19.8,17,4,40,53,659
19844,18.7,21,5,41,57,661
19885,19.8,20,4,38,54,662
19924,19.8,21,3,37,55,664
19964,19.8,16,5,40,51,665
20005,19.8,21,6,45,60,667
20045,18.7,22,8,55,69,668
20087,22,31,8,70,93,669
20127,18.7,32,12,75,95,671
20168,18.7,31,12,76,95,673
20210,19.8,26,14,75,87,674
20251,19.8,26,13,74,87,675
20294,18.7,22,11,76,87,676
20335,19.8,24,13,85,96,678
20376,18.7,27,16,88,99,679
20418,18.7,25,1,89,113,680
20460,19.8,25,15,89,99,681
20501,18.7,26,14,91,103,683
20544,18.7,24,15,94,103,684
20586,18.7,15,11,98,102,685
20630,17.6,23,9,87,101,686
20671,19.8,5,7,74,72,688
20710,19.8,2,4,67,65,689
20750,18.7,-3,5,73,65,690
20791,18.7,-6,5,71,60,691
20832,19.8,-15,2,72,55,693
20873,19.8,-8,6,78,64,694
20913,18.7,-10,5,85,70,696
20955,19.8,-8,4,84,72,697
20996,19.8,-7,6,93,80,698
21037,19.8,-6,8,95,81,700
21078,17.6,-3,7,95,85,701
21116,19.8,-5,8,95,82,703
21157,19.8,-3,7,95,85,704
21198,19.8,-1,9,92,82,705
21238,18.7,-6,7,94,81,706
21280,17.6,-1,9,96,86,708
21319,19.8,2,9,99,92,710
21359,18.7,-3,7,101,91,712
21401,17.6,5,9,97,93,713
21440,19.8,0,9,95,86,714
21480,19.8,1,5,78,74,715
21519,17.6,1,7,66,60,716
21560,19.8,-2,4,51,45,718
21600,19.8,-5,1,44,38,720
21640,18.7,-2,3,35,30,722
21681,19.8,0,15,29,14,723
21721,19.8,0,0,21,21,724
21761,19.8,0,1,17,16,725
21800,19.8,5,2,13,16,727
21840,19.8,6,2,9,13,728
21878,19.8,5,1,5,9,729
21916,17.6,4,-16,4,24,730
21956,19.8,3,1,2,4,732
21994,18.7,3,0,1,4,734
22031,18.7,4,1,-1,2,736
22070,20.9,2,1,0,1,738
22107,18.7,3,0,0,3,740
22145,18.7,3,0,1,4,742
22181,19.8,3,1,-1,1,743
22220,19.8,1,1,0,0,744
22258,18.7,3,0,-16,-13,745
22299,18.7,2,-1,0,3,746
22338,19.8,2,0,-1,1,747
22376,19.8,2,-1,0,3,748
22415,17.6,1,0,-16,-15,749
22457,19.8,3,0,-1,2,750
22495,18.7,4,-2,0,6,752
22534,20.9,2,0,0,2,754
22571,19.8,2,0,-1,1,756
22609,18.7,4,0,0,4,758
22646,19.8,3,1,0,2,760
22684,19.8,2,2,0,0,762
22721,18.7,2,2,0,0,764
22759,18.7,3,1,1,3,766
22798,18.7,4,0,-2,2,768
22835,19.8,1,1,0,0,769
22873,19.8,2,2,1,1,770
22909,18.7,3,1,0,2,771
22947,19.8,4,1,14,17,772
22986,19.8,1,0,1,2,773
23024,19.8,3,1,0,2,774
23062,19.8,3,-1,1,5,775
23100,19.8,2,1,0,1,776
23138,18.7,3,0,0,3,777
23175,19.8,3,-2,-1,4,778
23215,18.7,2,-1,-1,2,779
23255,18.7,3,0,1,4,781
23292,19.8,2,1,0,1,783
23329,17.6,3,1,1,3,785
23367,18.7,3,1,0,2,787
23404,20.9,0,2,1,-1,789
23443,19.8,1,-1,1,3,790
23482,18.7,1,0,-16,-15,791
23523,19.8,2,1,0,1,793
23560,18.7,0,2,0,-2,795
23599,19.8,3,1,0,2,797
23635,17.6,1,2,-1,-2,799
23675,19.8,1,3,0,-2,800
23713,19.8,-15,2,1,-16,801
23755,20.9,-1,3,0,-4,802
23795,18.7,-2,4,4,-2,804
23835,19.8,1,4,-1,-4,805
23874,18.7,-3,3,3,-3,807
23913,19.8,-3,4,3,-4,809
23953,18.7,-4,5,4,-5,810
23993,19.8,-4,4,3,-5,811
24032,19.8,-5,7,5,-7,812
24072,19.8,-6,2,5,-3,813
24112,19.8,-7,6,5,-8,815
24152,19.8,-9,4,8,-5,817
24190,19.8,-13,6,8,-11,818
24231,18.7,-13,7,12,-8,820
24273,18.7,-2,7,13,4,821
24312,19.8,-22,4,16,-10,822
24356,18.7,-20,3,18,-5,824
24397,108.9,-22,1,18,-5,826
24439,19.8,-22,0,18,-4,827
24481,18.7,-23,-1,21,-1,828
24524,19.8,-26,-4,24,2,829
24565,19.8,-30,15,28,-17,831
24609,18.7,-36,1,33,-4,832
24651,19.8,-38,-1,36,-1,833
24694,18.7,-37,-7,33,3,834
24735,19.8,-37,-13,32,8,836
24778,19.8,-34,-17,29,12,837
24822,18.7,-34,-19,32,17,839
24865,19.8,-38,-17,33,12,841
24908,18.7,-39,-18,35,14,842
24953,19.8,-36,-22,32,18,844
24996,19.8,-34,-19,31,16,846
25039,19.8,-33,-17,28,12,847
25084,18.7,-31,-18,24,11,848
25127,17.6,-30,-18,26,14,850
25170,19.8,-29,-15,24,10,851
25216,18.7,-29,-16,27,14,852
25260,19.8,-29,-18,25,14,854
25302,18.7,-30,-20,27,17,855
25347,19.8,-33,-21,27,15,856
25390,19.8,-37,-17,30,10,857
25433,19.8,-37,-32,28,23,858
25478,18.7,-35,-18,26,9,859
25520,19.8,-34,-17,26,9,860
25562,19.8,-32,-14,27,9,861
25606,18.7,-32,-15,24,7,863
25648,19.8,-30,-14,26,10,865
25691,18.7,-31,-14,26,9,866
25734,17.6,-31,-13,28,10,867
25778,18.7,-36,-15,29,8,869
25820,20.9,-38,-15,30,7,870
25863,19.8,-36,-15,33,12,871
25906,18.7,-36,-14,30,8,873
25949,18.7,-35,-18,30,13,874
25993,19.8,-34,-18,30,14,875
26036,17.6,-34,-15,29,10,877
26080,19.8,-37,-11,33,7,878
26123,19.8,-38,-7,34,3,879
26165,18.7,-36,-9,29,2,881
26206,19.8,-32,-7,29,4,883
26248,19.8,-28,-7,25,4,884
26289,19.8,-26,-5,24,3,885
26332,19.8,-25,-3,23,1,887
26372,18.7,-20,-2,20,2,889
26414,18.7,-17,2,18,-1,890
26456,19.8,-13,4,13,-4,891
26497,19.8,-9,7,10,-6,892
26539,19.8,-6,4,7,-3,893
26577,18.7,-3,3,3,-3,895
26616,18.7,1,2,2,1,897
26654,19.8,1,2,2,1,899
26691,19.8,1,2,2,1,901
26729,19.8,2,0,1,3,903
26766,18.7,1,1,0,0,905
26804,18.7,2,-1,-1,2,907
26943,19.8,2,1,1,2,908
26945,18.7,1,-1,0,2,909
26952,19.8,4,-14,0,18,911
26993,17.6,4,0,1,5,912
27030,19.8,2,1,15,16,913
27070,18.7,3,0,0,3,914
27107,19.8,2,1,1,2,915
27145,19.8,2,0,1,3,916
27183,19.8,2,2,0,0,917
27219,18.7,1,-1,0,2,918
27258,17.6,1,0,0,1,919
27295,18.7,1,0,0,1,920
27333,18.7,2,0,15,17,921
27372,19.8,1,0,0,1,922
27410,18.7,3,3,0,0,923
27448,19.8,2,1,0,1,924
27485,18.7,2,0,0,2,925
27523,19.8,2,0,-3,-1,926
27563,18.7,2,-1,0,3,928
27601,19.8,2,0,0,2,929
27638,18.7,4,-2,0,6,930
27677,19.8,1,15,0,-14,931
27717,19.8,1,0,-1,0,933
27755,18.7,2,0,0,2,935
27793,18.7,2,2,-1,-1,937
27832,18.7,5,2,0,3,938
27870,19.8,4,0,0,4,939
27907,20.9,2,1,0,1,940
27944,18.7,3,2,-1,0,941
27983,18.7,2,1,0,1,942
28020,18.7,4,0,0,4,943
28058,19.8,1,-1,0,2,944
28096,19.8,2,-1,-2,1,945
28136,18.7,4,1,1,4,946
28173,18.7,4,0,1,5,947
28211,18.7,2,-1,-2,1,948
28251,19.8,3,1,0,2,950
28289,18.7,2,2,1,1,952
28326,18.7,3,-2,-1,4,954
28365,18.7,2,0,15,17,955
28404,20.9,3,0,15,18,957
28444,18.7,4,0,-1,3,959
28482,20.9,2,2,0,0,961
28520,19.8,4,0,2,6,963
28557,20.9,1,1,-1,-1,964
28597,19.8,3,2,0,1,965
28634,18.7,2,1,-1,0,966
28674,18.7,1,0,0,1,967
28710,19.8,1,1,-1,-1,968
28749,17.6,3,0,0,3,969
28787,19.8,2,0,0,2,970
28824,18.7,2,15,0,-13,971
28866,19.8,2,1,-1,0,973
28904,19.8,5,-1,0,6,974
28943,19.8,2,-1,0,3,975
28981,18.7,1,1,0,0,977
29018,18.7,3,1,1,3,979
29056,19.8,2,3,-1,-2,981
29094,19.8,2,1,-1,0,983
29133,18.7,1,1,0,0,985
29171,19.8,3,3,1,1,986
29209,19.8,2,3,0,-1,988
29247,17.6,1,1,0,0,989
29284,5.5,0,3,-16,-19,990
29325,18.7,2,5,0,-3,991
29363,18.7,1,6,0,-5,992
29402,19.8,0,7,0,-7,993
29441,18.7,-6,7,1,-12,994
29483,18.7,-5,31,2,-34,996
29522,18.7,-7,24,5,-26,998
29563,19.8,-14,35,7,-42,999
29606,19.8,-18,52,9,-61,1000
29650,18.7,-7,61,7,-61,1001
29692,19.8,-9,67,9,-67,1002
29735,19.8,-4,73,8,-69,1003
29778,18.7,-3,77,9,-71,1005
29820,18.7,4,79,10,-65,1007
29863,18.7,15,83,8,-60,1008
29906,19.8,-7,82,7,-82,1009
29949,19.8,2,84,7,-75,1010
29990,18.7,-2,89,4,-87,1012
30032,19.8,4,88,3,-81,1013
30075,18.7,16,107,2,-89,1015
30118,19.8,29,127,1,-97,1017
30161,17.6,44,146,-4,-106,1018
30209,18.7,59,178,-7,-126,1019
30254,19.8,75,213,-13,-151,1020
30301,19.8,68,192,-11,-135,1021
30347,18.7,74,202,-15,-143,1022
30395,19.8,73,192,-15,-134,1023
30441,18.7,75,180,-16,-121,1024
30489,19.8,61,166,-12,-117,1026
30534,19.8,57,153,-11,-107,1027
30581,18.7,32,150,14,-104,1028
30626,18.7,19,160,2,-139,1029
30672,19.8,16,159,3,-140,1031
30716,18.7,5,171,5,-161,1033
30759,18.7,27,174,15,-132,1034
30806,18.7,43,170,-5,-132,1036
30852,20.9,34,160,-2,-128,1037
30898,18.7,43,132,-5,-94,1038
30942,19.8,21,109,1,-87,1039
30986,18.7,6,81,2,-73,1040
31028,19.8,7,50,2,-41,1041
31069,19.8,1,27,2,-24,1043
31111,19.8,1,13,2,-10,1044
31152,19.8,0,6,0,-6,1045
31192,18.7,0,2,-1,-3,1046
31233,18.7,0,2,0,-2,1047
31272,18.7,3,0,0,3,1048
31310,18.7,3,2,0,1,1050
31348,18.7,3,14,0,-11,1052
31390,19.8,1,1,0,0,1053
31428,18.7,4,0,1,5,1054
31467,18.7,3,0,-1,2,1055
31507,18.7,3,1,2,4,1056
31645,18.7,2,1,0,1,1057
31649,18.7,2,0,1,3,1058
31657,19.8,2,0,-1,1,1060
31696,17.6,3,-16,-2,17,1061
31739,18.7,3,1,0,2,1062
31777,19.8,2,14,0,-12,1063
31818,18.7,2,1,0,1,1065
31857,19.8,1,1,1,1,1066
31896,19.8,2,-1,-2,1,1067
31936,19.8,3,1,-2,0,1068
31976,19.8,3,15,-1,-13,1069
32019,19.8,2,2,0,0,1070
32058,18.7,2,-15,1,18,1071
32099,19.8,3,2,1,2,1073
32137,19.8,2,-1,-1,2,1074
32178,19.8,2,2,-1,-1,1075
32218,19.8,2,-15,0,17,1076
32261,19.8,2,0,-2,0,1078
32300,18.7,1,0,-1,0,1079
32338,18.7,3,1,0,2,1081
32377,18.7,2,1,1,2,1083
32416,19.8,1,-1,-1,1,1085
32456,19.8,3,2,0,1,1086
32495,18.7,4,-1,0,5,1087
32534,18.7,1,-1,0,2,1088
32574,19.8,2,0,0,2,1089
32613,19.8,3,2,0,1,1091
32652,18.7,2,2,1,1,1093
32691,18.7,1,1,-1,-1,1095
32730,19.8,1,1,1,1,1097
32769,18.7,2,0,1,3,1099
32806,19.8,3,1,-1,1,1101
32846,18.7,3,1,0,2,1102
32884,18.7,2,0,0,2,1103
32923,18.7,1,3,0,-2,1104
32963,19.8,3,2,0,1,1105
33001,19.8,2,-1,0,3,1106
33041,18.7,2,0,-1,1,1107
33081,19.8,2,2,0,0,1109
33120,19.8,3,0,1,4,1110
33158,18.7,2,-1,-2,1,1111
33198,19.8,2,1,-1,0,1113
33238,18.7,3,1,0,2,1114
33275,19.8,2,15,-1,-14,1115
33318,18.7,3,2,0,1,1116
33356,18.7,1,0,2,3,1117
33396,18.7,3,0,0,3,1119
33434,18.7,3,-1,0,4,1120
33474,19.8,1,15,-1,-15,1121
33516,19.8,1,2,1,0,1122
33555,18.7,2,-1,-1,2,1123
33595,19.8,1,0,0,1,1124
33634,18.7,1,0,0,1,1125
33672,18.7,1,-2,1,4,1126
33713,19.8,1,-1,-1,1,1128
33753,20.9,0,-2,1,3,1129
33792,19.8,-2,-2,0,0,1131
33833,19.8,0,14,0,-14,1133
33873,17.6,0,0,-1,-1,1134
33914,18.7,-1,-2,0,1,1135
33955,18.7,0,0,0,0,1137
33994,19.8,0,-2,0,2,1138
34033,20.9,-1,-1,1,1,1140
34073,19.8,-3,0,1,-2,1142
34114,18.7,-4,-1,0,-3,1143
34156,18.7,-5,15,1,-19,1144
34199,18.7,-5,-2,1,-2,1145
34240,19.8,-6,-4,2,0,1147
34280,18.7,-8,-6,1,-1,1148
34322,18.7,-11,-7,2,-2,1149
34366,20.9,-11,-7,3,-1,1150
34407,18.7,-15,-9,2,-4,1152
34450,19.8,-1,-9,1,9,1153
34491,18.7,-19,-13,5,-1,1154
34535,19.8,-15,-13,3,1,1155
34577,17.6,-17,-13,5,1,1157
34620,18.7,-18,-14,5,1,1158
34663,18.7,-18,-15,5,2,1160
34705,19.8,-21,-18,6,3,1162
34748,19.8,-25,-18,7,0,1163
34790,19.8,-26,-18,7,-1,1164
34834,18.7,-26,-15,6,-5,1166
34877,19.8,-28,-15,8,-5,1167
34921,18.7,-26,-15,6,-5,1168
34965,18.7,-25,-17,6,-2,1170
35008,19.8,-26,-16,7,-3,1171
35052,19.8,-26,-20,8,2,1172
35095,19.8,-28,-17,8,-3,1174
35138,19.8,-29,-18,9,-2,1175
35182,18.7,-31,-16,9,-6,1176
35226,19.8,-34,-12,8,-14,1178
35270,19.8,-35,-10,8,-17,1179
35316,19.8,-32,-7,7,-18,1180
35359,18.7,-25,-6,6,-13,1182
35402,18.7,-20,-8,4,-8,1183
35447,18.7,-13,-2,3,-8,1185
35488,18.7,-7,-4,1,-2,1187
35529,19.8,-4,-3,2,1,1188
35570,19.8,-2,-1,0,-1,1189
35612,19.8,-16,-2,1,-13,1191
35655,18.7,1,15,-1,-15,1193
35698,18.7,2,0,0,2,1194
35736,19.8,2,-1,1,4,1195
35776,18.7,3,15,1,-11,1196
35818,18.7,3,0,1,4,1198
35957,18.7,1,2,-16,-17,1199
35960,18.7,2,1,1,2,1201
35972,19.8,3,0,-1,2,1202
36012,19.8,1,0,0,1,1204
36050,18.7,3,-1,0,4,1205
36089,19.8,2,1,0,1,1207
36128,18.7,4,0,15,19,1209
36168,19.8,2,-1,-1,2,1210
36209,20.9,1,0,1,2,1211
36247,18.7,3,0,1,4,1212
36286,17.6,2,1,-15,-14,1213
36329,19.8,1,-1,0,2,1214
36369,19.8,1,0,-1,0,1215
36408,19.8,1,0,1,2,1217
36446,16.5,2,0,-1,1,1219
36486,18.7,3,-1,1,5,1220
36526,19.8,2,1,-1,0,1221
36564,210.1,2,2,1,1,1222
36604,18.7,2,0,1,3,1223
36642,18.7,4,0,0,4,1224
36681,19.8,3,0,0,3,1225
36720,19.8,2,0,1,3,1227
36759,18.7,1,0,-16,-15,1228
36801,18.7,2,1,0,1,1230
36839,19.8,1,1,1,1,1231
36878,18.7,2,1,-14,-13,1232
36920,18.7,3,0,2,5,1233
36959,18.7,4,1,0,3,1234
36998,19.8,2,-14,-1,15,1236
37040,18.7,1,2,-16,-17,1238
37083,18.7,3,1,1,3,1239
37122,18.7,3,1,-1,1,1240
37161,18.7,3,0,0,3,1242
37199,18.7,1,1,1,1,1243
37237,18.7,2,2,-1,-1,1244
37278,18.7,3,1,0,2,1246
37317,18.7,2,1,0,1,1247
37356,19.8,3,1,0,2,1248
37394,18.7,3,0,0,3,1250
37432,19.8,3,0,0,3,1252
37471,19.8,2,-1,1,4,1254
37510,19.8,3,1,-1,1,1255
37550,19.8,2,4,0,-2,1256
37590,18.7,3,0,0,3,1257
37627,18.7,2,1,1,2,1258
37666,18.7,3,0,0,3,1259
37704,19.8,3,-1,0,4,1260
37744,18.7,2,1,0,1,1262
37783,19.8,1,1,-1,-1,1263
37823,18.7,1,1,0,0,1265
37862,18.7,2,0,0,2,1267
37900,18.7,3,2,0,1,1269
37939,18.7,2,0,1,3,1270
37977,19.8,3,2,0,1,1271
38016,18.7,1,1,0,0,1272
38054,19.8,1,1,-1,-1,1273
38094,17.6,2,1,1,2,1274
38133,18.7,1,2,-2,-3,1275
38174,19.8,1,2,15,14,1276
38214,19.8,1,4,0,-3,1278
38253,18.7,0,2,1,-1,1280
38293,18.7,-1,3,0,-4,1281
38334,19.8,-2,4,0,-6,1282
38374,18.7,-2,4,2,-4,1283
38416,19.8,-4,5,0,-9,1284
38456,19.8,-2,5,-15,-22,1286
38499,19.8,-5,7,0,-12,1287
38541,19.8,-4,6,-2,-12,1288
38584,19.8,-8,11,-2,-21,1289
38627,18.7,-7,9,-3,-19,1290
38670,19.8,-8,10,-4,-22,1291
38714,19.8,-7,12,-4,-23,1292
38757,19.8,-11,14,-3,-28,1294
38802,19.8,-14,16,-1,-31,1295
38846,19.8,-15,17,0,-32,1297
38890,18.7,-16,18,-3,-37,1298
38935,19.8,-18,18,-3,-39,1299
39079,18.7,-24,24,-6,-54,1300
39083,19.8,-25,25,-10,-60,1301
39104,18.7,-24,25,-7,-56,1303
39149,19.8,-20,24,-9,-53,1304
39194,19.8,-21,20,-10,-51,1305
39240,18.7,-20,17,-13,-50,1307
39286,18.7,-23,21,-13,-57,1308
39331,18.7,-22,21,-11,-54,1309
39377,18.7,-23,22,-11,-56,1311
39422,19.8,-22,22,-10,-54,1313
39469,20.9,-23,23,-12,-58,1314
39515,18.7,-25,25,-9,-59,1316
39559,18.7,-32,28,-13,-73,1317
39605,19.8,-30,32,-16,-78,1318
39651,18.7,-34,33,-10,-77,1319
39697,19.8,-32,32,-12,-76,1320
39742,19.8,-30,29,-14,-73,1321
39788,18.7,-30,30,-10,-70,1323
39833,17.6,-28,29,-7,-64,1324
39878,18.7,-26,26,-4,-56,1325
39923,17.6,-22,24,-2,-48,1327
39967,19.8,-19,21,-1,-41,1328
40013,18.7,-17,20,0,-37,1329
40056,18.7,-14,16,0,-30,1331
40099,19.8,-9,10,-2,-21,1332
40144,19.8,-4,7,-4,-15,1333
40186,18.7,1,6,1,-4,1335
40225,18.7,1,0,-1,0,1336
40265,18.7,1,0,0,1,1337
40303,18.7,1,2,0,-1,1338
40343,18.7,2,15,0,-13,1339
40385,19.8,2,1,1,2,1341
40424,17.6,4,2,-1,1,1342
40463,18.7,3,1,0,2,1344
40501,18.7,4,0,0,4,1346
40540,18.7,2,-1,0,3,1348
40579,19.8,3,-1,0,4,1349
40619,18.7,1,-1,1,3,1350
40658,18.7,3,0,-2,1,1351
40697,17.6,1,1,-1,-1,1352
40739,19.8,2,-1,0,3,1354
40778,19.8,2,15,0,-13,1355
40819,19.8,3,1,0,2,1357
40858,19.8,2,1,0,1,1358
40896,18.7,3,0,-16,-13,1359
40939,19.8,2,-1,2,5,1360
40978,19.8,4,0,0,4,1361
41018,20.9,3,1,0,2,1363
41056,19.8,3,1,-1,1,1364
41096,19.8,4,1,0,3,1365
41134,18.7,1,0,1,2,1367
41171,18.7,3,1,-1,1,1369
41211,18.7,1,0,-2,-1,1371
41252,18.7,2,0,1,3,1372
41290,19.8,3,1,0,2,1373
41329,19.8,2,1,0,1,1374
41367,18.7,1,2,0,-1,1375
41407,20.9,0,0,-1,-1,1376
41448,17.6,3,2,0,1,1377
41487,19.8,4,15,0,-11,1378
41528,19.8,4,0,0,4,1380
41566,19.8,4,1,-1,2,1382
41606,19.8,1,1,-1,-1,1383
41647,18.7,2,-1,1,4,1384
41686,18.7,2,0,0,2,1385
41724,19.8,3,2,0,1,1387
41763,18.7,3,2,1,2,1389
41801,19.8,3,0,-1,2,1390
41841,18.7,3,-16,0,19,1391
41882,18.7,4,0,-1,3,1393
41922,18.7,2,0,-14,-12,1394
41964,20.9,3,15,-1,-13,1395
42008,19.8,1,1,15,15,1396
42047,18.7,2,0,0,2,1398
42086,18.7,2,-1,1,4,1400
42126,19.8,1,1,-1,-1,1401
42166,17.6,2,1,0,1,1402
42205,19.8,2,1,0,1,1403
42243,18.7,3,1,-1,1,1404
42283,18.7,3,2,0,1,1405
42321,19.8,2,-1,0,3,1407
42361,17.6,3,1,0,2,1408
42399,18.7,2,0,0,2,1409
42437,18.7,2,2,-2,-2,1411
42478,17.6,3,-1,-1,3,1413
42519,18.7,3,0,0,3,1414
42557,19.8,2,2,0,0,1415
42596,18.7,1,2,0,-1,1416
42635,19.8,2,1,-1,0,1417
42675,18.7,2,0,-1,1,1418
42715,19.8,2,0,0,2,1420
42754,19.8,2,0,0,2,1421
42791,19.8,2,15,-1,-14,1422
42833,20.9,2,1,0,1,1423
42872,19.8,1,0,-1,0,1424
42911,19.8,2,0,0,2,1425
42950,18.7,2,1,0,1,1426
42989,18.7,2,15,0,-13,1427
43032,19.8,1,-14,1,16,1429
43072,18.7,2,1,0,1,1431
43110,19.8,1,2,1,0,1433
43149,19.8,0,2,1,-1,1435
43189,18.7,1,0,-16,-15,1436
43231,19.8,0,3,0,-3,1437
43271,18.7,0,3,0,-3,1438
43311,19.8,2,-1,1,4,1440
43351,18.7,0,3,-1,-4,1441
43390,19.8,1,1,1,1,1443
43428,18.7,1,1,-1,-1,1445
43469,18.7,1,-1,-1,1,1446
43510,19.8,-2,-1,-1,-2,1447
43553,18.7,-1,3,-1,-5,1448
43594,18.7,-2,2,-1,-5,1450
43635,19.8,-1,1,-16,-18,1451
43779,18.7,-3,2,-3,-8,1452
43782,17.6,0,1,-2,-3,1454
43795,18.7,-2,2,15,11,1456
43836,18.7,-3,1,-2,-6,1457
43878,19.8,-3,1,-2,-6,1458
43920,18.7,-2,1,-2,-5,1460
43961,18.7,-3,1,-2,-6,1462
44003,19.8,-3,2,-3,-8,1464
44044,18.7,-3,0,-2,-5,1465
44086,19.8,-4,2,-2,-8,1466
44128,18.7,-5,1,-1,-7,1467
44169,19.8,-6,0,-1,-7,1469
44211,19.8,-4,1,0,-5,1470
44251,19.8,-6,1,-1,-8,1471
44294,18.7,-4,-1,-2,-5,1473
44336,17.6,-6,0,-2,-8,1475
44377,19.8,-7,1,-4,-12,1476
44420,19.8,-4,0,-2,-6,1477
44462,19.8,-5,2,-2,-9,1479
44503,18.7,-5,1,-3,-9,1481
44545,19.8,-5,3,-2,-10,1482
44588,19.8,-4,1,-1,-6,1483
44630,18.7,-6,1,-3,-10,1485
44672,19.8,-4,2,-3,-9,1487
44712,18.7,-5,1,-3,-9,1488
44754,19.8,-4,2,-3,-9,1489
44796,17.6,-3,2,-3,-8,1491
44837,19.8,-5,1,-3,-9,1493
44879,19.8,-4,2,-2,-8,1494
44921,19.8,-5,0,-3,-8,1495
44963,19.8,-4,1,-3,-8,1497
45105,18.7,-4,3,-4,-11,1499
45107,18.7,-5,2,-4,-11,1500
45123,19.8,-4,1,-3,-8,1501
45166,19.8,-5,1,-4,-10,1502
45208,17.6,-4,0,-5,-9,1504
45249,19.8,-5,4,-3,-12,1505
45292,18.7,-7,1,-5,-13,1506
45335,18.7,-8,2,-3,-13,1507
45377,20.9,-6,2,-4,-12,1508
45420,18.7,-7,0,-3,-10,1509
45463,19.8,-7,-1,-4,-10,1511
45506,19.8,-5,0,-3,-8,1513
45548,19.8,-5,1,-3,-9,1514
45589,19.8,-3,1,-3,-7,1515
45632,18.7,-2,0,0,-2,1516
45672,18.7,1,3,15,13,1518
45712,18.7,0,2,0,-2,1520
45752,18.7,3,1,-1,1,1521
45791,19.8,2,1,0,1,1522
45830,18.7,2,1,0,1,1523
45868,18.7,3,2,0,1,1524
45906,19.8,2,2,0,0,1525
45945,18.7,2,0,0,2,1526
45984,18.7,2,-1,0,3,1528
46023,19.8,2,1,15,16,1529
46063,19.8,1,1,1,1,1531
46102,19.8,3,2,0,1,1533
46141,18.7,2,2,1,1,1535
46179,18.7,0,1,-1,-2,1536
46220,19.8,0,-1,0,1,1537
46259,18.7,1,15,0,-14,1538
46302,19.8,2,0,1,3,1540
46340,19.8,1,0,-1,0,1541
46379,19.8,3,0,0,3,1543
46417,18.7,2,1,0,1,1545
46455,19.8,2,1,0,1,1547
46494,18.7,2,1,-1,0,1549
46533,18.7,1,1,15,15,1550
46574,18.7,1,0,0,1,1551
46613,18.7,3,2,0,1,1552
46651,18.7,1,1,0,0,1553
46690,18.7,2,0,0,2,1554
46729,18.7,0,-1,1,2,1556
46769,17.6,3,1,-1,1,1557
46808,19.8,3,2,1,2,1559
46845,20.9,2,1,14,15,1561
46886,18.7,3,1,0,2,1563
46924,17.6,2,3,1,0,1564
46963,19.8,3,15,1,-11,1565
47004,18.7,2,0,1,3,1566
47043,20.9,3,-1,0,4,1567
47083,19.8,1,1,-1,-1,1569
47124,19.8,3,0,1,4,1570
47162,18.7,2,3,1,0,1572
47201,18.7,2,-16,-2,16,1574
47243,18.7,2,1,0,1,1575
47281,18.7,2,1,0,1,1576
47321,18.7,3,0,15,18,1578
47361,18.7,2,1,-1,0,1579
47400,19.8,2,1,0,1,1581
47439,19.8,2,0,1,3,1582
47477,18.7,3,-16,0,19,1583
47518,18.7,2,2,-2,-2,1585
47559,19.8,3,0,1,4,1586
47597,19.8,2,1,1,2,1587
47636,18.7,2,2,2,2,1588
47675,18.7,1,-1,-1,1,1589
47715,18.7,3,-1,0,4,1590
47755,19.8,3,-2,0,5,1592
47795,20.9,2,1,0,1,1593
47833,18.7,1,-2,1,4,1595
47873,18.7,2,2,1,1,1597
47910,19.8,1,-1,-1,1,1599
47951,18.7,4,0,1,5,1600
47989,18.7,2,3,0,-1,1601
48029,18.7,2,0,-16,-14,1602
48072,19.8,4,1,-1,2,1604
48112,18.7,2,0,1,3,1605
48150,19.8,3,1,0,2,1607
48188,18.7,4,0,1,5,1609
48227,19.8,2,0,1,3,1611
48265,18.7,3,1,0,2,1613
48304,19.8,3,-1,-2,2,1614
48346,18.7,3,0,0,3,1615
48382,19.8,1,0,0,1,1616
48421,17.6,2,2,0,0,1617
48459,17.6,3,1,0,2,1618
48498,17.6,4,0,-1,3,1619
48538,18.7,2,1,-1,0,1621
48578,19.8,2,1,-1,0,1622
48617,18.7,2,1,0,1,1624
48655,18.7,3,0,1,4,1626
48694,18.7,2,0,1,3,1628
48734,18.7,3,1,0,2,1630
48771,17.6,1,1,-1,-1,1631
48812,18.7,2,0,3,5,1632
48849,19.8,2,1,,,
